satellite,utc_time,latitude_deg,longitude_deg,elevation_km
ISS (ZARYA),2026-03-20 00:00:00,3.81452246040032,20.837654439749635,418.32794926621324
ISS (ZARYA),2026-03-20 01:00:00,35.4314401171904,-137.338766497805,427.9925719346735
ISS (ZARYA),2026-03-20 02:00:00,-50.710162661263354,99.16906528703053,437.27511202806096
ISS (ZARYA),2026-03-20 03:00:00,21.443805109942573,-39.90581737666748,419.67991964535855
ISS (ZARYA),2026-03-20 04:00:00,19.212077136345066,158.77939619928657,425.88658115382805
ISS (ZARYA),2026-03-20 05:00:00,-50.03904060172559,17.572552244493327,435.5676143203418
ISS (ZARYA),2026-03-20 06:00:00,37.35059560637315,-104.56280019109,423.71979628735477
ISS (ZARYA),2026-03-20 07:00:00,1.5189014730948869,98.31259527398494,425.65762875578
ISS (ZARYA),2026-03-20 08:00:00,-39.824779297868055,-57.10042575411398,430.4403461132103
ISS (ZARYA),2026-03-20 09:00:00,48.81338042093821,-177.48909245819402,427.91710646890226
ISS (ZARYA),2026-03-20 10:00:00,-16.267690972748166,38.094962145633936,428.2065016705405
ISS (ZARYA),2026-03-20 11:00:00,-24.4783068975442,-122.87050218429502,424.10680152006694
ISS (ZARYA),2026-03-20 12:00:00,51.39410469735902,101.25243630823435,430.0171868787013
ISS (ZARYA),2026-03-20 13:00:00,-32.846489811979296,-24.91198449235069,432.51451824299386
ISS (ZARYA),2026-03-20 14:00:00,-7.0463352741021374,175.97064736915914,419.46777121952744
ISS (ZARYA),2026-03-20 15:00:00,43.571512042704605,23.635159597465872,429.33115688657955
ISS (ZARYA),2026-03-20 16:00:00,-46.03407864933898,-94.80920262080434,436.1914373361005
ISS (ZARYA),2026-03-20 17:00:00,10.874584644803779,115.94728903186281,418.51014869023874
ISS (ZARYA),2026-03-20 18:00:00,29.32621547774104,-44.355127058091064,427.0437152711437
ISS (ZARYA),2026-03-20 19:00:00,-51.778586805910194,-174.23381434330386,436.8908986358022
ISS (ZARYA),2026-03-20 20:00:00,28.03574193994961,54.12041982447117,421.2126000085318
ISS (ZARYA),2026-03-20 21:00:00,12.322441355272215,-106.44107591632162,425.3910817215101
ISS (ZARYA),2026-03-20 22:00:00,-46.90955343783785,105.71035390991042,433.72325788666586
ISS (ZARYA),2026-03-20 23:00:00,42.62297144351835,-13.260866151347386,425.6474120484985
HUBBLE,2026-03-20 00:00:00,21.994091380223303,-160.09513349470487,475.9647606555843
HUBBLE,2026-03-20 01:00:00,-27.996288834150445,59.6742163691058,481.8491857623237
HUBBLE,2026-03-20 02:00:00,13.303553288208285,-84.22644375385894,474.3118268303804
HUBBLE,2026-03-20 03:00:00,9.956117512855307,124.92010697246302,475.2569137933537
HUBBLE,2026-03-20 04:00:00,-26.941685601641876,-20.439058434003954,481.16831498968304
HUBBLE,2026-03-20 05:00:00,24.23508092109323,-160.14005679358286,475.62774284785183
HUBBLE,2026-03-20 06:00:00,-4.363297011100699,52.12485333912152,476.20124818761707
HUBBLE,2026-03-20 07:00:00,-18.269900305840316,-97.90251885445194,478.2189402397594
HUBBLE,2026-03-20 08:00:00,28.60340407952454,120.33859103739009,476.6377780338858
HUBBLE,2026-03-20 09:00:00,-17.703362412061914,-21.63396479883898,478.8735024265147
HUBBLE,2026-03-20 10:00:00,-5.057287220303468,-171.79455007161,475.237898426436
HUBBLE,2026-03-20 11:00:00,24.6184050312863,40.7064778557893,476.2384778320199
HUBBLE,2026-03-20 12:00:00,-26.675962870234546,-98.89887928841699,481.39249953341255
HUBBLE,2026-03-20 13:00:00,9.29246347268078,115.43137193912716,474.246449914491
HUBBLE,2026-03-20 14:00:00,13.928900862120662,-35.384313059635524,475.2825223230308
HUBBLE,2026-03-20 15:00:00,-28.14413046890954,-178.97161683681725,481.6209443031036
HUBBLE,2026-03-20 16:00:00,21.520281816709275,40.607528925286985,475.25524585422727
HUBBLE,2026-03-20 17:00:00,-0.05992151262305343,-108.52028006506006,475.588474721308
HUBBLE,2026-03-20 18:00:00,-21.484629056815148,102.4626629899259,479.22241439346243
HUBBLE,2026-03-20 19:00:00,28.157862676963916,-38.015648421967136,476.5131564165047
HUBBLE,2026-03-20 20:00:00,-14.03024569742347,178.3416240258088,477.86117668126667
HUBBLE,2026-03-20 21:00:00,-9.255582220377512,27.675077571745856,476.03308730546894
HUBBLE,2026-03-20 22:00:00,26.640518497493574,-118.13088979423179,476.4795370323047
HUBBLE,2026-03-20 23:00:00,-24.671185233695418,102.25564509269913,480.70262603141686
